{"ham": [-0.25, -0.24999102013249974, -0.24996990600722402, -0.24994756782850203, -0.24992969609609827, -0.24992577906846913, -0.24993947246056536, -0.24997626957627628, -0.2500336849689353, -0.2501121080472333, -0.2502084740040514, -0.2503207566717779, -0.25043875928855625, -0.250554742533934, -0.250658502276089, -0.25073755763194455, -0.25078158308622894, -0.25077938524130633, -0.25072310781840884, -0.2506089804314434, -0.25043557030339786, -0.2502075180650952, -0.24993537947725236, -0.24962937625054565, -0.2493075423429275, -0.2489841031116351, -0.2486770654341644, -0.24840044184336485, -0.24816677210087723, -0.2479867003689753, -0.2478646010263469], "ekin": [-1.0, -0.9959398986593931, -0.983919102729737, -0.9644120047949832, -0.9381942774448756, -0.9063392416833281, -0.8701794523772993, -0.8312633506409522, -0.7912705541456777, -0.7519230783438471, -0.7148643309100966, -0.6815468762551897, -0.6531178079038774, -0.6303537014617521, -0.6136215739253685, -0.602891700091556, -0.5978017088722765, -0.5977494732901979, -0.6020129633150187, -0.6098667292165761, -0.6206752996849814, -0.6339549399786109, -0.6493855891685174, -0.6667707950566131, -0.6859765751342262, -0.7068298167402011, -0.7290372403314944, -0.7521119113582109, -0.7753478607568234, -0.7978392026349265, -0.8185420314134396], "epot": [0.75, 0.7459488785268934, 0.733949196722513, 0.7144644369664812, 0.6882645813487773, 0.656413462614859, 0.620239979916734, 0.581287081064676, 0.5412368691767424, 0.5018109702966138, 0.4646558569060452, 0.43122611958341184, 0.40267904861532117, 0.37979895892781806, 0.36296307164927955, 0.35215414245961146, 0.3470201257860475, 0.34697008804889157, 0.3512898554966099, 0.3592577487851327, 0.3702397293815835, 0.38374742191351563, 0.39945020969126505, 0.4171414188060674, 0.43666903279129865, 0.45784571362856596, 0.48036017489733, 0.503711469514846, 0.5271810886559462, 0.5498525022659512, 0.5706774303870927], "nums": [[1.0, 1.0, 0.5, 1.0, 0.0, 0.0, 0.0, 0.0, 0.5, 0.0, 0.0, 0.0], [0.9962566354396836, 0.9975020825646929, 0.4993749256804098, 0.9950117688338584, 0.001247980932702791, 0.0024910942903968755, 0.003738297288781023, 0.0024975172399865483, 0.4981301691475555, 0.002483520698630605, 0.0012524749045619685, 1.4017085926899908e-05], [0.9851089976519265, 0.9900224956323089, 0.49748718199363656, 0.9801920937209078, 0.004966170135645374, 0.009858157841809427, 0.014839795909340148, 0.009963236940457428, 0.49258833780384176, 0.00980933724188341, 0.005009901156133092, 0.00015469316502219084], [0.9668116044822964, 0.9775955229058761, 0.4942832727023254, 0.9559787156729512, 0.01108690024681915, 0.02178733291299025, 0.032976793417361726, 0.022315296040769896, 0.48358788323114826, 0.02164816049313952, 0.011253876347666177, 0.0006750058008912647], [0.9417871731710945, 0.9602761493027162, 0.4896663616883678, 0.9230850453870617, 0.01950403394247306, 0.0377712175030103, 0.05762014549211725, 0.03941357945775868, 0.47147988444515065, 0.03749871430273895, 0.019942903153057818, 0.001955306696034428], [0.91061405702031, 0.9381465043621643, 0.4835011029961192, 0.8824673418237782, 0.030073183867137577, 0.05713201905339661, 0.08805458073718787, 0.061054695759995975, 0.456742812582199, 0.05671803387163415, 0.031014543980367154, 0.004481427080809891], [0.8740089176253935, 0.9113241679713071, 0.47562356863391936, 0.835281081170408, 0.042612006181418985, 0.07905146311784345, 0.12340005190102209, 0.08696636790857518, 0.439966330299476, 0.07856052926611903, 0.04438945248535739, 0.008816670548354694], [0.8328064407407735, 0.8799717817996154, 0.4658534560977307, 0.7828287475892293, 0.05690090219449021, 0.10260812142287633, 0.16263812001361497, 0.1168006934680483, 0.4218251604751767, 0.10222167455182767, 0.059975213926761466, 0.015568817694404817], [0.7879323231333126, 0.8443069194046283, 0.45400795828150303, 0.72650284725694, 0.07268396372391148, 0.12681752058190698, 0.20464235785267956, 0.15013116532380025, 0.4030622751809147, 0.1268871933638961, 0.07767118948543693, 0.025354644347619408], [0.7403747534678417, 0.8046109416985726, 0.43991939960862403, 0.6677257895223251, 0.08967111615953002, 0.15067616363707712, 0.24821348097910442, 0.1864457959152922, 0.38444924708578393, 0.1517783079550538, 0.09737162593138324, 0.038762761084737134], [0.6911543849210384, 0.7612374001457584, 0.42345382793371183, 0.6078908429801503, 0.10754066004342697, 0.1732046219625027, 0.29211396095828124, 0.22514965209378818, 0.3667644587841094, 0.17620009653352955, 0.11897222636395088, 0.05631750198017217], [0.6412941227643488, 0.7146156629256479, 0.4045317477872612, 0.5483079545338723, 0.1259433917911706, 0.19348977120595304, 0.3351084151029374, 0.2655638054787733, 0.3507515909781754, 0.19957754808910919, 0.14237064443993167, 0.07844538840468017], [0.5917819678083367, 0.6652525920826367, 0.3831468583571009, 0.49015470714672, 0.14450824156935543, 0.21072333384251105, 0.3760013885637299, 0.3069344868533969, 0.3370932080734498, 0.22148866772646691, 0.1674686848999079, 0.10544560022046798], [0.5435425632787277, 0.6137303666107331, 0.3593850614249985, 0.43443881965917047, 0.1628487663976953, 0.2242341047907704, 0.41367247934733425, 0.34844110858805233, 0.32637565951930403, 0.24168742927746947, 0.19417576196283978, 0.13746779732871592], [0.4974098054294083, 0.5606981521551146, 0.33343876517841564, 0.3819681791607326, 0.1805706340493563, 0.23351455338476282, 0.44711323459702035, 0.38921341415793986, 0.31906176524294416, 0.26011132310412327, 0.22240617675968954, 0.17449453820686206], [0.4540982681697425, 0.5068616870590759, 0.305619926020226, 0.3333367705756954, 0.19728185797571873, 0.23823922758858615, 0.47545656813542625, 0.4283496880552613, 0.31546769724347523, 0.27688030872933944, 0.25207562490628, 0.21633187331807252], [0.4141836120833876, 0.4529655587678571, 0.27636495570230213, 0.2889208744842976, 0.2126028432720603, 0.23827512717555965, 0.49800274053943766, 0.46493982965422265, 0.31574432963562654, 0.29228623849798735, 0.2831009625210189, 0.2626122157874461], [0.378087095718648, 0.399775013230177, 0.2462343511103214, 0.2488869797922291, 0.22617694566343605, 0.23368106762442314, 0.5142390057476199, 0.498092110865876, 0.3198691952236297, 0.30676673789421083, 0.31539406536730996, 0.31279782423406916], [0.3460624858194783, 0.34805187644794777, 0.21590458146396466, 0.21321225845109631, 0.2376826331449253, 0.22470331846455804, 0.5238531401251254, 0.5269619728447413, 0.32764313918886834, 0.3208724148011559, 0.34885408737113005, 0.36619789626575444], [0.31820064945555887, 0.29853118836042086, 0.1861539273778438, 0.1817136479350687, 0.24684538353137228, 0.21175846447994962, 0.5267377998156668, 0.5507810132659966, 0.33869777939083534, 0.33522484541044023, 0.3833637617263334, 0.4219911036930019], [0.2944264080125657, 0.2518947873060829, 0.1578392314968888, 0.1540846335824361, 0.2534491362377223, 0.1954134339610653, 0.5229909732124198, 0.5688854465981561, 0.35251396781241423, 0.35046982602027604, 0.41878084099386537, 0.479252192999547], [0.2745106293437005, 0.20874694145815892, 0.13186702408780934, 0.1299365028676641, 0.2573462937239545, 0.1763579957858356, 0.5129021893889731, 0.5807431327814983, 0.36844136248591963, 0.36723164128049973, 0.45493286996651405, 0.5369845503502059], [0.25809229671018724, 0.1695919302000668, 0.10915922370513213, 0.1088428202968082, 0.2584687087076777, 0.15537366785139645, 0.496940075567778, 0.5859780938245314, 0.38573083928870283, 0.3860617702778344, 0.49160964760063935, 0.5941516076536485], [0.24469630092159206, 0.134814976677472, 0.09061521714282304, 0.09038202882661486, 0.25683416342976617, 0.13330239201541141, 0.4757269169299698, 0.5843886216943109, 0.40356882938987165, 0.4073935689499108, 0.5285582365397903, 0.6497188249448722], [0.23376361933329431, 0.104666860246325, 0.07707139667543086, 0.074177825370006, 0.25255411105106657, 0.11101110589730451, 0.4500112833744693, 0.5759590763264641, 0.42111999007682316, 0.4315056805723025, 0.5654801750156622, 0.7026797899398889], [0.22467934973266343, 