{"ham": [-0.25, -0.2499940928205877, -0.24997405446915355, -0.2499445580908224, -0.24990223246533716, -0.24984783817508138, -0.24978447858742558, -0.24971685060460558, -0.24964631615787136, -0.249578243745732, -0.24951955233628925, -0.24947272316806268, -0.24944136527281302, -0.2494255634437847, -0.24942739363059863, -0.24944184604024794, -0.24946517561420628, -0.2494928985159125, -0.24951885101575838, -0.24954087994015528, -0.24955469356547605, -0.24956075084617524, -0.24956008623946374, -0.2495559586159486, -0.24955368628059016, -0.249555787734492, -0.24956816234882945, -0.24958991341012482, -0.24962109754201156, -0.2496620670070817, -0.24970512490294916], "ekin": [-1.0, -0.9959440909319559, -0.9839296722085268, -0.9644279310677458, -0.9382085075954185, -0.9063391713233215, -0.8701548936716417, -0.831206019225247, -0.7911774859061317, -0.7517958999460657, -0.7147116405256355, -0.6813754791707191, -0.6529381512876442, -0.6301707001160233, -0.6134354662515774, -0.6026911241475862, -0.597561940445978, -0.597433486920763, -0.6015693289888759, -0.6092348187456115, -0.6197869400584213, -0.632741527479961, -0.647781851259363, -0.664726879822527, -0.6834603053819021, -0.7038352243504092, -0.7255893757120405, -0.7482660313780448, -0.7711907745210096, -0.7934864527424101, -0.8141281672166888], "epot": [0.75, 0.7459499981113682, 0.7339556177393732, 0.7144833729769234, 0.6883062751300814, 0.6564913331482402, 0.6203704150842161, 0.5814891686206414, 0.5415311697482603, 0.5022176562003337, 0.46519208818934626, 0.4319027560026564, 0.4034967860148312, 0.3807451366722386, 0.3640080726209788, 0.35324927810733825, 0.3480967648317717, 0.34794058840485054, 0.35205047797311756, 0.3596939388054562, 0.3702322464929452, 0.3831807766337858, 0.3982217650198993, 0.4151709212065784, 0.4339066191013119, 0.45427943661591724, 0.47602121336321107, 0.49867611796792, 0.521569676978998, 0.5438243857353284, 0.5644230423137396], "nums": [[1.0, 1.0, 0.5, 1.0, 0.0, 0.0, 0.0, 0.0, 0.5, 0.0, 0.0, 0.0], [0.996258190338304, 0.9975009158338447, 0.49937239233171254, 0.99501254859077, 0.0012487611002163777, 0.0024914793811423846, 0.0037402442607634397, 0.0024975209173576387, 0.49813174867346643, 0.0024912953873654047, 0.0012489617554122972, 6.238871873710572e-06], [0.9851213433226994, 0.9900117329640066, 0.49746615769382335, 0.9802013395385363, 0.0049754700892625245, 0.009859689072715389, 0.014853760582028116, 0.009963369464958079, 0.49259995532030504, 0.009864628433729086, 0.004983465208287153, 9.925122836211088e-05], [0.9668525227724853, 0.9775581562249834, 0.4942117812157012, 0.9560127391275379, 0.011121313147789027, 0.021790704770853427, 0.033021967935016494, 0.02231631187997606, 0.4836252969771519, 0.02182439696348633, 0.0111671009976302, 0.000497681941830949], [0.9418813817743672, 0.9601879490067433, 0.4894987171401937, 0.9231674616778431, 0.01958794365613244, 0.03777715268845225, 0.05772437296447376, 0.03941763502772922, 0.47156587310810677, 0.03789766972291968, 0.01974132249273174, 0.001552030699494208], [0.9107906651550859, 0.9379778621350803, 0.48318253891335267, 0.8826272486162109, 0.030237226489979854, 0.0571410596288199, 0.08825410275291448, 0.06106687472941714, 0.4569075025987774, 0.05746253789394396, 0.030628518314202657, 0.0037245469337632234], [0.874300170869501, 0.9110424540274533, 0.47509337703723586, 0.8355508790873726, 0.04289107439166078, 0.0790641137809947, 0.12373835546968961, 0.08699549400473322, 0.4402415122068307, 0.07978446566395808, 0.043736015588984135, 0.0075625848791923455], [0.8332414808391828, 0.8795439093374454, 0.4650514416913326, 0.7832413675630248, 0.057331681952888194, 0.10262472845468289, 0.16316514650518427, 0.1168618559149596, 0.4222490868444113, 0.1040612736993476, 0.05896084010570906, 0.01366682105858016], [0.7885361443448752, 0.8437018333373654, 0.4528799172491765, 0.7270893010048316, 0.0733024060412044, 0.12683852000661258, 0.20541343049828048, 0.15024578176419945, 0.40367414811850677, 0.1294687071290935, 0.0761939395996672, 0.02265598172043665], [0.7411644542119886, 0.8038029232565981, 0.4384230033176785, 0.6685117611811197, 0.09050936573779064, 0.15070194875338166, 0.24928683100254562, 0.18664443527735453, 0.38529148757196385, 0.15520894324570045, 0.09532542238557729, 0.03512999182571383], [0.6921339846662268, 0.7602075035665649, 0.421564466781784, 0.6088958579167101, 0.1086244549903289, 0.17323531790709554, 0.29355079884497787, 0.22547135363365498, 0.36787769385375757, 0.18055691757349246, 0.1162484911388322, 0.05163304630030794], [0.6424510752242656, 0.7133543071932568, 0.4022484020005638, 0.5495416078301422, 0.1272896556787493, 0.193525714554874, 0.3369689579925565, 0.26605783774427383, 0.3521788163428563, 0.20490110100889505, 0.1388623215271329, 0.07261964773313859], [0.5930877400314615, 0.6637606043456465, 0.38049580505997554, 0.49161629791488654, 0.1461225860350576, 0.21076446372739435, 0.3783440324918684, 0.3076582662613714, 0.33887543194562614, 0.22777656539120206, 0.16307462570870782, 0.09842354145587835], [0.5449481748371523, 0.6120200767694478, 0.3564225256903799, 0.4361161894789094, 0.16472338306533887, 0.22428052860848155, 0.4165500800818594, 0.34946167171932674, 0.32855350700604885, 0.24888841598740827, 0.1888013287315815, 0.12923279892667655], [0.49884560164309183, 0.5587929711758892, 0.3302544027811823, 0.3838382507800992, 0.18268395535844287, 0.23356635574609977, 0.4505726854811489, 0.3906046254590373, 0.32167578240788014, 0.2681262372296517, 0.21596795711800446, 0.16507163798767172], [0.4554746663290224, 0.5047951915164886, 0.3023358882662284, 0.3353661733103221, 0.1995974613372981, 0.2382963677498355, 0.4795339533851162, 0.43018879013373984, 0.31855402628844787, 0.2855634376202536, 0.24450363446092788, 0.20578958673426512], [0.41539116097353723, 0.45078102731798514, 0.27313406306986454, 0.2910666479545538, 0.21506984102815568, 0.23833677335953427, 0.5027234742117465, 0.46730580290409474, 0.31933931457714043, 0.3014517266150515, 0.2743420456577457, 0.25105814152768013], [0.37899999169994425, 0.3975219875503323, 0.24323731814237565, 0.2510993548697045, 0.22873082021286933, 0.2337471449377551, 0.5196150811090119, 0.5010633609968127, 0.32400550592934374, 0.31619006817739015, 0.30541092668144976, 0.30037746917669844], [0.34654473416472215, 0.34578481135830336, 0.21334472960174608, 0.2154371469590433, 0.24024829901323627, 0.22477308564871082, 0.5298812196527367, 0.5306104883628248, 0.3323505579208506, 0.3303050966264489, 0.3376306085940637, 0.3530889778576584], [0.31810441229230235, 0.29630590603105955, 0.18424978398595515, 0.183895310778914, 0.2493387399721705, 0.21183141315707457, 0.5333993901639439, 0.5551699127761061, 0.34400274304392936, 0.34440126339259614, 0.3709045472842335, 0.4083965396208825], [0.29360371921958095, 0.24976460277877502, 0.15681671413329226, 0.15616912179424614, 0.25578019110995626, 0.19548823084316228, 0.5302496417854987, 0.574063631784167, 0.3584363969477479, 0.35912376637393983, 0.4051133894660227, 0.46539033029927995], [0.2728193797321494, 0.20676146206476004, 0.1319500539411981, 0.1318748536263701, 0.2594245963817519, 0.17643376688081588, 0.5207075331624876, 0.5867441245660878, 0.3749928510530805, 0.37510354993434436, 0.44010587994171635, 0.5230825420558853], [0.255398979991499, 0.16779282961840786, 0.11055973913833189, 0.11059368779022151, 0.2602054898156776, 0.1554495389592365, 0.5052247461463397, 0.5928136235102244, 0.39291658991197653, 0.392913768194466, 0.47569491249318524, 0.5804363725230153], [0.2408857973704175, 0.13323348486142875, 0.09352215540358623, 0.09191394197091478, 0.2581481934098529, 0.1333766746181652, 0.48441034176410946, 0.5920495418521614, 0.4113821022392202, 0.4130200904579716, 0.5116512807393446, 0.6364059510259505], [0.22874618711749778, 0.10332281046675376, 0.08164099725646705, 0.07547145983090378, 0.25337363197034213, 0.11108272220335741, 0.45900024931605726, 0.584411736940992, 0.429541695757393, 0.43574394341362566, 0.5476975740022392, 0.6899680377669075], [0.2183968402003554,