{"ham": [-0.25, -0.24198400714411905, -0.22878255417643717, -0.23256180348437488, -0.23343189302172385, -0.2389890151170514], "ekin": [-1.0, -0.8619426363937662, -0.6318474614036813, -0.5840669392163615, -0.6673723456569768, -0.8030386396576408], "epot": [0.75, 0.6199586292496472, 0.40306490722724414, 0.35150513573198666, 0.43394045263525294, 0.5640496245405894], "nums": [[[1.0, 1.0], [0.5, 1.0], [0.0, 0.0], [0.0, 0.0], [0.5, 0.0], [0.0, 0.0]], [[0.8751433213611711, 0.9113718400442037], [0.474488742611079, 0.835415223907666], [0.04333137417999817, 0.07948697586783864], [0.12291186624202576, 0.08668345529657853], [0.4403738709963894, 0.07944734831419209], [0.0437506561611092, 0.007595027997996777]], [[0.5949097226748449, 0.6648525102744229], [0.37901180886940744, 0.49103978489880923], [0.14712274154037522, 0.21194881870601995], [0.3767916229907755, 0.30683710204523496], [0.3385360017058245, 0.22652213481114236], [0.16362788824976884, 0.09879997046585495]], [[0.34730358899369534, 0.3473695861653239], [0.21240372100961064, 0.21471019565542712], [0.24162622476991813, 0.22627147912236703], [0.530192283976538, 0.5301022213636505], [0.32960308431108887, 0.32729000894657456], [0.33887063261374084, 0.3542563143479869]], [[0.22747445195918764, 0.10445752862599615], [0.08134299003210674, 0.0753501997848206], [0.25555916631168085, 0.11213536829477165], [0.46266984470978934, 0.5856758700594893], [0.42456386517953737, 0.43050455324900083], [0.548389905883085, 0.6918775508549749]], [[0.1724202892459396, 0.017197271143515085], [0.14343119945516772, 0.01613602243006186], [0.18932696070569574, 0.017127418855188134], [0.2637481143248592, 0.41888687631494714], [0.4872449576780005, 0.6146188911529598], [0.7438289426161948, 0.9160331844860152]]], "temps": [0.0, 0.3, 0.6, 0.8999999999999999, 1.2, 1.5]}
