{"ham": [-0.75, -0.7499994248998377, -0.749997749725636, -0.7499947734502597, -0.7499901107164001, -0.7499836982020524, -0.7499750734982875, -0.7499644366702062, -0.749951878085142, -0.7499377272570653, -0.7499230026664102, -0.7499086245990736, -0.7498955349707451, -0.7498855672270355, -0.7498799078552526, -0.7498798153952217, -0.7498864349268466, -0.7499005136717631, -0.7499224018880819, -0.7499516346593684, -0.7499876713850351, -0.7500292286987476, -0.7500745564014939, -0.7501217925639652, -0.7501688745240362, -0.750213583535777, -0.7502537047282185, -0.7502876826467071, -0.7503143781477052, -0.7503328828215869, -0.7503428594648147, -0.7503444300946123, -0.750338635633685, -0.7503261653887883, -0.7503084751468266, -0.7502868009455841, -0.7502623890088993, -0.750236897419208, -0.7502116648758417, -0.7501868259566637, -0.7501634189264716, -0.7501420913257006, -0.7501225632733137, -0.7501052492386961, -0.7500901010840536, -0.7500772324359274, -0.7500664750689503, -0.7500582927166031, -0.7500527787122468, -0.7500504011452516, -0.7500515064078164, -0.7500564256527912, -0.7500653775438306, -0.7500782663782118, -0.7500947316026169, -0.7501140925093411, -0.7501353790692405, -0.7501573656936777, -0.7501787552812358, -0.7501976114256395, -0.7502122838612924, -0.7502212516475262, -0.7502233511767736, -0.7502174759871485, -0.7502032672126864, -0.7501807723657861, -0.7501507855583365, -0.7501141400597611, -0.7500727399876226, -0.7500282206290534, -0.7499828977818411, -0.7499387837674897, -0.7498978606843086, -0.7498620611282858, -0.7498324393152306, -0.7498101358194788, -0.7497955192773824, -0.7497886166972787, -0.7497888519064728, -0.7497955365633905, -0.7498076092698551, -0.7498240564451131, -0.7498438419717951, -0.7498657823972192, -0.7498891785487233, -0.7499135205661086, -0.7499383816512902, -0.749963214674647, -0.7499879706073284, -0.7500126870871475, -0.7500370110794453, -0.7500607965351938, -0.7500836465958698, -0.7501050178179853, -0.7501243345548452, -0.7501407886468214, -0.75015368754646, -0.7501619885243449, -0.7501654123192896, -0.7501635586039521, -0.750156740270694], "ekin": [-1.0, -0.9990632157496708, -0.9962756231736074, -0.9917068727552539, -0.9854775486430317, -0.9777653288535413, -0.9688102392189687, -0.9589195830317274, -0.9484678420197756, -0.9378920307155394, -0.9276812304154121, -0.9183577046109204, -0.9104525711493757, -0.9044769328822605, -0.9008875261773382, -0.9000536399694015, -0.902225811211161, -0.9075093555040402, -0.9158465815446893, -0.927008583554641, -0.9405999258682635, -0.9560738336798649, -0.9727595262602753, -0.9898990928021348, -1.006690898746636, -1.022336571358571, -1.0360881265027082, -1.0472920305531734, -1.0554253868882917, -1.060122824787297, -1.0611926816530899, -1.0586211281404907, -1.0525649791590868, -1.0433333527125614, -1.0313631728814532, -1.0171875687954606, -1.0014031736740734, -0.9846379857267397, -0.9675210660971082, -0.950656906256716, -0.9346083973403918, -0.9198827985381522, -0.9069239840853432, -0.8961110892854928, -0.8877574890604327, -0.8821126672624642, -0.8793625368592373, -0.8796291601037131, -0.8829664725984858, -0.8893547075147107, -0.8986922584709554, -0.9107869179099382, -0.9253483857716099, -0.9419836109506162, -0.9601972978409641, -0.9793988947028384, -0.9989174814247597, -1.0180245599696764, -1.0359640686741143, -1.0519881024316886, -1.0653973187296637, -1.0755813495393178, -1.082056922811852, -1.0845002287299164, -1.0827711313818962, -1.0769260823688465, -1.06721891019634, -1.0540881309919141, -1.0381335873103419, -1.0200808789682398, -1.0007396831693647, -0.9809563347367299, -0.9615663264640073, -0.9433494675712787, -0.9269900455727647, -0.9130473129250164, -0.9019343648727073, -0.8939091618767058, -0.8890757156313862, -0.887394872637904, -0.8887023772637603, -0.8927320302171422, -0.8991408419006428, -0.9075339294175983, -0.9174875371272229, -0.9285673971304438, -0.9403424242293524, -0.9523935738602555, -0.9643194900103252, -0.9757381203318843, -0.9862874388409005, -0.995627209264694, -1.0034418984621103, -1.0094472142586801, -1.013399645290607, -1.0151093478476108, -1.0144554900723755, -1.011401412443083, -1.0060101233389673, -0.9984540626827526, -0.989020952533998], "epot": [0.25, 0.2490637908498331, 0.2462778734479714, 0.24171209930499424, 0.23548743792663165, 0.2277816306514889, 0.21883516572068115, 0.2089551463615212, 0.19851596393463364, 0.18795430345847403, 0.17775822774900185, 0.16844908001184675, 0.16055703617863057, 0.154591365655225, 0.15100761832208567, 0.1501738245741797, 0.15233937628431435, 0.15760884183227714, 0.1659241796566075, 0.1770569488952726, 0.19061225448322844, 0.20604460498111732, 0.2226849698587814, 0.23977730023816962, 0.2565220242225998, 0.272122987822794, 0.28583442177448976, 0.2970043479064664, 0.3051110087405865, 0.30978994196571, 0.3108498221882751, 0.3082766980458784, 0.30222634352540173, 0.29300718732377323, 0.28105469773462655, 0.26690076784987643, 0.2511407846651741, 0.23440108830753165, 0.21730940122126652, 0.20047008030005217, 0.1844449784139202, 0.16974070721245155, 0.15680142081202955, 0.14600584004679665, 0.13766738797637915, 0.13203543482653682, 0.129296061790287, 0.12957086738711002, 0.13291369388623892, 0.13930430636945917, 0.14864075206313898, 0.160730492257147, 0.17528300822777929, 0.19190534457240438, 0.2101025662383472, 0.2292848021934972, 0.2487821023555191, 0.26786719427599864, 0.28578531339287844, 0.3017904910060491, 0.3151850348683714, 0.3253600978917916, 0.3318335716350783, 0.33428275274276786, 0.3325678641692098, 0.32674531000306045, 0.31706812463800366, 0.3039739909321531, 0.28806084732271936, 0.27005265833918646, 0.25075678538752355, 0.2310175509692403, 0.21166846577969867, 0.19348740644299287, 0.17715760625753407, 0.16323717710553767, 0.1521388455953249, 0.14412054517942705, 0.13928686372491342, 0.13759933607451344, 0.13889476799390515, 0.14290797377202916, 0.14929699992884773, 0.15766814702037898, 0.1675983585784996, 0.17865387656433515, 0.1904040425780622, 0.20243035918560848, 0.21433151940299688, 0.22572543324473687, 0.2362504277614552, 0.24556641272950014, 0.2533582518662405, 0.2593421964406948, 0.2632753107357619, 0.26496855920078927, 0.2643018025259155, 0.26123942391873806, 0.2558447110196778, 0.24829050407880054, 0.238864212263304],