{"ham": [-0.75, -0.7481278141566883, -0.7462718155428181, -0.7444493240488006, -0.7426777583117713, -0.7409746563913499, -0.739357329952851, -0.7378436502067873, -0.7364511949767487, -0.7351971004085532, -0.7340983112617812, -0.7331712577011817, -0.7324308001862926, -0.7318903979620784, -0.7315612506661631, -0.7314522141494421, -0.731569126230392, -0.731914332045156, -0.732486680877084, -0.7332811129907391, -0.7342889185152678, -0.7354977871557219, -0.7368918432854661, -0.7384519763344684, -0.7401568429064838, -0.7419830086929264, -0.7439056180339356, -0.7458987784045541, -0.7479366393854932, -0.7499934024772648, -0.7520438758380774, -0.7540648599743094, -0.7560332742697959, -0.7579286106126655, -0.7597317214202048, -0.7614250162297158, -0.7629928885487258, -0.7644209462568441, -0.7656966756640591, -0.7668090572230878, -0.7677481935026936, -0.7685056587643992, -0.769074386103491, -0.7694484688517578, -0.7696235935863034, -0.7695967497582088, -0.769366234811544, -0.7689322633144738, -0.7682963186088795, -0.7674618159871794, -0.7664337555138624, -0.7652188902950897, -0.7638260308857563, -0.7622653254826139, -0.7605491804221848, -0.7586915800531043, -0.7567081912071125, -0.7546164518113536, -0.7524357443773012, -0.7501866359632068, -0.7478920657061074, -0.7455752259922948, -0.743261220803507, -0.7409758614036702, -0.7387453625336906, -0.7365961184505407, -0.7345548526635504, -0.7326467763562334, -0.7308964729336234, -0.729326217115336, -0.7279568436300767, -0.7268058177107718, -0.7258880770713874, -0.7252149686120428, -0.724794546281305, -0.7246314267667505, -0.724726497081164, -0.7250772867697367, -0.7256783784819861, -0.7265212247608154, -0.7275950305013513, -0.7288866233531299, -0.7303812364238632, -0.7320624681651084, -0.7339127994306069, -0.7359139093446045, -0.738046585889629, -0.740291119889301, -0.7426272196311277, -0.745034123333326, -0.7474908961169794, -0.7499756777728692, -0.7524668235851887, -0.754941892367971, -0.7573789418535466, -0.759755400735843, -0.7620491117153145, -0.7642382109045793, -0.7663020067947625, -0.7682202443457904, -0.7699741558343536], "ekin": [-1.0, -0.9971921013554331, -0.9925497646562711, -0.9861578995501336, -0.9781538296168818, -0.9687334899350645, -0.9581570137628962, -0.9467531089675675, -0.9349182263996538, -0.9231107575872793, -0.9118391450594251, -0.901642541064884, -0.8930645963249038, -0.8866232816952291, -0.8827770091079531, -0.8818912277022173, -0.8842071899738855, -0.8898168132554427, -0.8986462087313021, -0.910449311491874, -0.9248136651772738, -0.9411778590333449, -0.9588595682696968, -0.9770931085615889, -0.9950736505959243, -1.0120034598884462, -1.0271382778548779, -1.0398288639090258, -1.049556519590996, -1.0559573910803388, -1.058837022733184, -1.0581734049809015, -1.0541067565433804, -1.0469234937137755, -1.0370299469322157, -1.0249227122956346, -1.0111576384247725, -0.9963187325908516, -0.980991802020375, -0.965741723216417, -0.9510956131986564, -0.9375323161243428, -0.9254764704357509, -0.9152963508740645, -0.9073041339949888, -0.901755969132205, -0.8988513710325458, -0.8987306047802831, -0.901468439281683, -0.9070664079319022, -0.915442485780178, -0.9264209694865613, -0.9397242324789443, -0.9549672802658092, -0.9716594802681415, -0.9892119937323238, -1.0069542961617939, -1.0241587161094605, -1.0400726639366564, -1.053955920359498, -1.065122773114358, -1.072981772665278, -1.077075608592082, -1.077112383574665, -1.0729884240359966, -1.064799682972958, -1.0528409243866108, -1.0375902903574643, -1.019684099663088, -0.9998795316133765, -0.9790119139394357, -0.9579458151591665, -0.9375282461195245, -0.9185434891489775, -0.9016751283131524, -0.8874770821751784, -0.8763545139116522, -0.8685560850695337, -0.8641769283598497, -0.8631699109457148, -0.8653646739378712, -0.8704902762179103, -0.8782004666007281, -0.8880974582524935, -0.8997534104486636, -0.9127278127050741, -0.9265798288906584, -0.940876468775812, -0.9551966416717862, -0.9691332488426337, -0.9822945666713299, -0.9943057962140754, -1.0048144248689672, -1.0134972747725128, -1.0200730700223388, -1.0243157150566167, -1.0260719831904002, -1.0252777915330307, -1.02197410994471, -1.0163169102823317, -1.0085825140962552], "epot": [0.25, 0.2490642871987449, 0.24627794911345297, 0.2417085755013329, 0.2354760713051105, 0.2277588335437146, 0.21879968381004525, 0.2089094587607801, 0.19846703142290517, 0.1879136571787261, 0.17774083379764394, 0.16847128336370215, 0.16063379613861115, 0.1547328837331506, 0.15121575844179008, 0.1504390135527752, 0.15263806374349337, 0.1579024812102867, 0.1661595278542181, 0.177168198501135, 0.190524746662006, 0.20568007187762302, 0.22196772498423062, 0.23864113222712055, 0.2549168076894406, 0.27002045119551976, 0.28323265982094226, 0.2939300855044717, 0.3016198802055028, 0.305963988603074, 0.30679314689510656, 0.30410854500659207, 0.2980734822735844, 0.28899488310111, 0.27729822551201083, 0.2634976960659187, 0.24816474987604667, 0.23189778633400746, 0.2152951263563158, 0.19893266599332923, 0.18334741969596283, 0.16902665735994357, 0.15640208433225986, 0.14584788202230675, 0.13768054040868538, 0.13215921937399627, 0.12948513622100172, 0.12979834146580924, 0.13317212067280346, 0.13960459194472272, 0.14900873026631556, 0.16120207919147153, 0.17589820159318797, 0.19270195478319535, 0.21111029984595675, 0.23052041367921952, 0.2502461049546813, 0.26954226429810685, 0.2876369195593552, 0.3037692843962911, 0.3172307074082506, 0.32740654667298325, 0.33381438778857503, 0.33613652217099477, 0.334243061502306, 0.32820356452241733, 0.3182860717230604, 0.30494351400123093, 0.2887876267294646, 0.27055331449804054, 0.251055070309359, 0.23113999744839472, 0.21164016904813712, 0.19332852053693472, 0.1768805820318474, 0.1628456554084279, 0.15162801683048824, 0.14347879829979704, 0.1384985498778636, 0.13664868618489945, 0.1377696434365199, 0.14160365286478038, 0.14781923017686494, 0.15603499008738506, 0.16584061101805675, 0.17681390336046957, 0.1885332430010293, 0.200585348886511, 0.21256942204065854, 0.22409912550930783, 0.2348036705543505, 0.2443301184412062, 0.25234760128377853, 0.2585553824045418, 0.2626941281687922, 0.26456031432077365, 0.2640228714750856, 0.26103958062845134, 0.2556721031499475, 0.24809666593654137, 0.2386083582619017],