{"ham": [-0.25, -0.25000002017029144, -0.25000004034056933, -0.25000006051083334, -0.25000008068108426, -0.25000010085132096, -0.250000121021545, -0.25000014119175484, -0.25000016136195113, -0.25000018153213377, -0.2500002017023029, -0.2500002218724587, -0.25000024204260074, -0.2500002622127293, -0.2500002823828443, -0.25000030255294564, -0.25000032272303335, -0.2500003428931076, -0.2500003630631683, -0.2500003832332154, -0.2500004034032489, -0.2500004235732689, -0.25000044374327524, -0.25000046391326786, -0.25000048408324715, -0.2500005042532131, -0.25000052442316506, -0.2500005445931035, -0.25000056476302857, -0.25000058493293986, -0.2500006051028376], "ekin": [-1.0000000000000002, -0.9959504924966592, -0.9839575439778581, -0.964487344433079, -0.9383126474352028, -0.9064999647280243, -0.8703808549044063, -0.8315009563379495, -0.7915436426757546, -0.7522302632498914, -0.7152047304622876, -0.6819153209161197, -0.6535096161023947, -0.6307585580969689, -0.6140223071124313, -0.6032643762754187, -0.5981124866601173, -0.597956305013591, -0.6020654114013401, -0.6097069768574879, -0.620242631355338, -0.6331880078690852, -0.6482257621613065, -0.665172085384354, -0.6839060168697472, -0.7042783494613806, -0.7260210682029091, -0.7486782157905589, -0.7715748324919184, -0.7938330328214995, -0.814434897543534], "epot": [0.7500000000000002, 0.7459504723263678, 0.7339575036372887, 0.7144872839222457, 0.6883125667541186, 0.6564998638767033, 0.6203807338828613, 0.5815008151461947, 0.5415434813138035, 0.5022300817177576, 0.4652045287599847, 0.43191509904366104, 0.4035093740597939, 0.3807582958842396, 0.36402202472958706, 0.3532640737224731, 0.34811216393708394, 0.3479559621204834, 0.35206504833817176, 0.3597065936242725, 0.37024222795208905, 0.38318758429581634, 0.3982253184180312, 0.41517162147108616, 0.4339055327865, 0.4542778452081675, 0.47602054377974407, 0.49867767119745543, 0.5215742677288898, 0.5438324478885597, 0.5644342924406964], "nums": [[1.0000000000000002, 1.0000000000000002, 0.5000000000000001, 1.0000000000000002, 0.0, 0.0, 0.0, 0.0, 0.5000000000000001, 0.0, 0.0, 0.0], [0.9962574137685786, 0.9975006548970602, 0.4993730208864215, 0.9950126745370006, 0.0012483722650395766, 0.0024910946682760683, 0.0037410250024118028, 0.002497783946966991, 0.4981312076331856, 0.002491553833827348, 0.0012489604443630252, 6.238116868694743e-06], [0.9851182714471609, 0.990010688641637, 0.49746848899521895, 0.980201850324187, 0.00497393972257408, 0.00985815501711381, 0.014856815503966624, 0.009964397915537212, 0.4925990293172896, 0.009865668760205726, 0.004983455013789917, 9.92393413193906e-05], [0.9668457551145769, 0.9775558242888186, 0.4942170692682382, 0.9560139036541175, 0.011117952891507915, 0.021787316193612776, 0.033028673924747155, 0.02231859779558185, 0.4836235549787904, 0.02182673435007264, 0.011166993822139513, 0.0004976237177968605], [0.9418696756942626, 0.9601838524885222, 0.4895079860020727, 0.9231695988054592, 0.019582198559220595, 0.03777125643947557, 0.05773588021190963, 0.0394216639782987, 0.47156331661096934, 0.037901781429925493, 0.01974094292156537, 0.0015518468583190514], [0.9107734586838742, 0.9379715501186279, 0.48319620004872277, 0.8826306807905915, 0.030228692296597724, 0.0571320716839726, 0.08827108652136358, 0.06107285136380142, 0.45690294271202647, 0.05746874260247787, 0.030627619737415023, 0.0037241034405283515], [0.87427637789954, 0.9110334792708504, 0.47511242682444, 0.83555578777449, 0.04287951154760695, 0.07905173253743054, 0.12376132930820173, 0.08700382702463988, 0.44023607071976334, 0.07979348484961371, 0.04373428370044819, 0.007561688542975546], [0.8332115009685868, 0.8795318525890725, 0.46507588517603893, 0.7832481607062279, 0.05731700250520136, 0.10260865179340227, 0.1631941139976981, 0.11687283351323347, 0.42224378751002234, 0.1040732868999291, 0.058957709842452355, 0.013665214498134456], [0.7884999524962328, 0.8436865178323286, 0.452909537495238, 0.7270980593756294, 0.07328462066251722, 0.12681860171281875, 0.20544786928871528, 0.15025943177337803, 0.4036690350538865, 0.12948404350679524, 0.07618898500341004, 0.022653345799049967], [0.7411222430471524, 0.8037840475343727, 0.4384574035496694, 0.6685230462273807, 0.09048866713493244, 0.1506780219343859, 0.24932591412466285, 0.18666073034610076, 0.3852876277825726, 0.15522826436674092, 0.09531814436101052, 0.03512588959101901], [0.6920875477784146, 0.7601849245727883, 0.421603317396823, 0.6089093595993345, 0.10860116039486889, 0.17320766165516918, 0.2935929367240889, 0.2254899913911118, 0.367876766245427, 0.18058090709443098, 0.1162382714603776, 0.05162715568716522], [0.6424019390703588, 0.713327892551334, 0.4022902702666234, 0.5495574671532314, 0.12726403785950985, 0.19349450922408187, 0.3370128597877098, 0.2660784177559351, 0.3521821760463151, 0.20493023867248392, 0.13884871696948292, 0.0726114746429337], [0.5930366728734359, 0.6637306875579996, 0.3805392704718252, 0.4916345809016216, 0.1460948174885455, 0.21073007802617602, 0.3783868681211061, 0.30768077235132263, 0.3388852237428321, 0.22781124360757554, 0.16305714730225535, 0.09841263755530458], [0.5448976885412135, 0.6119865768342843, 0.3564664849821533, 0.4361364509390569, 0.16469377110388578, 0.22424333288098008, 0.41659031362762106, 0.3494852694465703, 0.32857153199389755, 0.2489295652977983, 0.1887802097512289, 0.1292188046013102], [0.49879749738515344, 0.5587563876857568, 0.3302973356534056, 0.3838601679334151, 0.18265257413279656, 0.23352684354505251, 0.4506071963554527, 0.39062791937465335, 0.32170270605213447, 0.2681745480354049, 0.21594269042105757, 0.1650541334257176], [0.45543059879290115, 0.5047560005837557, 0.3023762301103759, 0.3353890328721012, 0.1995643066100884, 0.23825512341671723, 0.47956095577338625, 0.43021121920623717, 0.3185927697528391, 0.2856206039330462, 0.24447513896040915, 0.20576801998814248], [0.4153534701255763, 0.4507395853528132, 0.2731707277160966, 0.29108983805702787, 0.21503459289527277, 0.2382945301344281, 0.5027403979978835, 0.4673267804017779, 0.31939077766561697, 0.3015168227803361, 0.2743100335995539, 0.2510324432736167], [0.37897002692243753, 0.39747915880299334, 0.24326917803401638, 0.25112218809469394, 0.22869358729064695, 0.23370454569187754, 0.5196197335535959, 0.5010811898327328, 0.32407081883580013, 0.31626543415352004, 0.3053766553635029, 0.30034748342418205], [0.3465232462515274, 0.3457413163551609, 0.21337121302036027, 0.21545881399766148, 0.2402084432965287, 0.22473069123506184, 0.5298719042481013, 0.5306241325290105, 0.33243026689870286, 0.3303903824422192, 0.3375949262847795, 0.35305466344088604], [0.31809339532662934, 0.2962622206640376, 0.1842709028586198, 0.18391523396134543, 0.24929584835931617, 0.21178974092633157, 0.5333746311233794, 0.5551775815393577, 0.34409668362966883, 0.3444978524223935, 0.37086853870238656, 0.4083573704865343], [0.29360302038652863, 0.24972210109505075, 0.1568328665728854, 0.1561866218282444, 0.25573416551382555, 0.19544825768726548, 0.5302089089318065, 0.5740646984865659, 0.35854328042091255, 0.359231055551134, 0.40507775817404135, 0.4653472653517393], [0.27282854103967563, 0.20672061692512972, 0.1319621231247573, 0.13188938290451252, 0.25937469940372504, 0.176395762665173, 0.5206499936515887, 0.5867370004284125, 0.3751123235476751, 0.37522193059368164, 0.4400723192325778, 0.5230353064830903], [0.25541797890939716, 0.16775445652313495, 0.11056893474033624, 0.11060472337161217, 0.26015159732167903, 0.15541405621720786, 0.5051512629420363, 0.5927983428816099, 0.39304537564491304, 0.3930426080561241, 0.47566485044163787, 0.5803858129503106], [0.24091404398043853, 0.13319848165159584, 0.09353029176504282, 0.09192144287299836, 0.25808990627908435, 0.13334432291212672, 0.4843216578576156, 0.5920243488276324, 0.4115188368751949, 0.41315952477872503, 0.5116252632426234, 0.6363518789569212], [0.22878152539725263, 0.1032915826089366, 0.08164998363024284, 0.07547528080131373, 0.25331133455972477, 0.11105367408169702, 0.45889771921694344, 0.5843760774883147, 