{"ham": [-0.7500000000000002, -0.7500000013527304, -0.7500000027054605, -0.7500000040581909, -0.7500000054109208, -0.7500000067636512, -0.7500000081163811, -0.7500000094691112, -0.750000010821841, -0.7500000121745712, -0.7500000135273012, -0.750000014880031, -0.7500000162327609, -0.7500000175854907, -0.7500000189382205, -0.7500000202909504, -0.7500000216436803, -0.75000002299641, -0.7500000243491397, -0.7500000257018693, -0.7500000270545991, -0.7500000284073285, -0.7500000297600582, -0.7500000311127877, -0.7500000324655172, -0.7500000338182466, -0.7500000351709761, -0.7500000365237053, -0.7500000378764347, -0.7500000392291639, -0.7500000405818934, -0.7500000419346226, -0.7500000432873517, -0.750000044640081, -0.7500000459928104, -0.7500000473455393, -0.7500000486982685, -0.7500000500509978, -0.7500000514037268, -0.7500000527564556, -0.7500000541091845, -0.7500000554619136, -0.7500000568146423, -0.7500000581673714, -0.7500000595201004, -0.750000060872829, -0.7500000622255577, -0.7500000635782863, -0.7500000649310152, -0.750000066283744, -0.7500000676364726, -0.7500000689892012, -0.75000007034193, -0.7500000716946582, -0.7500000730473868, -0.7500000744001152, -0.7500000757528439, -0.7500000771055726, -0.7500000784583005, -0.750000079811029, -0.7500000811637574, -0.7500000825164856, -0.7500000838692141, -0.7500000852219424, -0.7500000865746702, -0.7500000879273986, -0.7500000892801266, -0.750000090632855, -0.7500000919855827, -0.7500000933383107, -0.7500000946910387, -0.7500000960437666, -0.7500000973964946, -0.7500000987492226, -0.7500001001019505, -0.750000101454678, -0.7500001028074058, -0.750000104160134, -0.7500001055128616, -0.7500001068655893, -0.750000108218317, -0.7500001095710447, -0.7500001109237722, -0.7500001122764998, -0.7500001136292271, -0.7500001149819545, -0.7500001163346821, -0.7500001176874095, -0.7500001190401366, -0.7500001203928641, -0.7500001217455918, -0.7500001230983188, -0.7500001244510462, -0.7500001258037734, -0.7500001271565006, -0.7500001285092277, -0.7500001298619547, -0.750000131214682, -0.7500001325674088, -0.7500001339201359, -0.750000135272863], "ekin": [-1.0000000000000002, -0.9990643776705862, -0.9962802275370494, -0.9917172003868053, -0.9854959985064468, -0.9777941178921075, -0.9688516872294392, -0.9589755751638412, -0.9485398942689812, -0.9379812628511759, -0.9277876751260716, -0.9184805246469789, -0.9105901466704962, -0.9046260962054467, -0.9010441570784249, -0.9002126863090563, -0.9023812573985037, -0.9076546225801798, -0.9159747479017164, -0.9271131027292936, -0.9406745583693201, -0.9561132500494879, -0.972759684326644, -0.9898573414562273, -1.0066061378590563, -1.0222094710399847, -1.035921236145599, -1.0470892146804307, -1.055191589618629, -1.059863998423307, -1.060915425208656, -1.0583322601176466, -1.0522709091478288, -1.0430403111121684, -1.0310765111948252, -1.0169119756651008, -1.001142563086657, -0.9843949822706984, -0.9672971905899901, -0.9504535748565491, -0.9344259928506522, -0.9197209341854427, -0.9067822855717937, -0.8959885504547833, -0.8876529499399053, -0.882024666659557, -0.8792895985389848, -0.8795693439052759, -0.8829176902994789, -0.8893145492003676, -0.8986579749340047, -0.9107555317629917, -0.925316739958098, -0.9419485699100973, -0.9601559210282555, -0.9793487103647742, -0.9988566302997486, -1.0179518729776675, -1.0358792449288745, -1.0518922080348931, -1.0652925869789347, -1.0754710753467513, -1.0819453304833901, -1.0843924206945341, -1.0826726926214816, -1.0768427401663012, -1.0671560230211576, -1.0540507176845302, -1.038125482295542, -1.0201048661242273, -1.0007969870101039, -0.9810467438003327, -0.9616881608980302, -0.9434994471950973, -0.927163997890251, -0.9132399172390993, -0.9021397667565788, -0.894121243283186, -0.8892884730034739, -0.8876026789423653, -0.8889002361157974, -0.8929156427228321, -0.8993067489345286, -0.9076797032076899, -0.9176114706224737, -0.9286683882360691, -0.940419964899172, -0.9524479100301123, -0.9643510884663897, -0.9757476579018622, -0.9862759835164132, -0.9955960019433803, -1.0033925177653944, -1.0093814882414518, -1.013319744298367, -1.0150178895692088, -1.014355409344287, -1.0112964043855954, -1.0059039272515937, -0.9983507069578246, -0.9889241383257564], "epot": [0.25000000000000006, 0.24906437631785577, 0.24628022483158887, 0.2417171963286144, 0.23549599309552588, 0.2277941111284563, 0.21885167911305806, 0.20897556569473005, 0.1985398834471402, 0.18798125067660468, 0.17778766159877046, 0.16848050976694795, 0.16059013043773523, 0.15462607861995595, 0.1510441381402044, 0.1502126660181059, 0.1523812357548234, 0.15765459958376982, 0.16597472355257667, 0.1771130770274243, 0.19067453131472098, 0.20611322164215945, 0.22275965456658578, 0.23985731034343957, 0.2566061053935391, 0.2722094372217381, 0.28592120097462287, 0.2970891781567254, 0.30519155174219437, 0.30986395919414295, 0.31091538462676255, 0.30833221818302403, 0.30227086586047713, 0.2930402664720875, 0.2810764652020148, 0.2669119283195615, 0.2511425143883885, 0.23439493221970067, 0.21729713918626323, 0.20045352210009343, 0.18442593874146773, 0.16972087872352906, 0.15678222875715137, 0.1459884922874119, 0.13765289041980486, 0.132024605786728, 0.12928953631342707, 0.12956928032698953, 0.13291762536846358, 0.13931448291662357, 0.14865790729753198, 0.16075546277379055, 0.17531666961616812, 0.19194849821543908, 0.21015584798086873, 0.229348635964659, 0.2488565545469047, 0.26795179587209494, 0.285879166470574, 0.30189212822386413, 0.3152925058151773, 0.3254709928302657, 0.331945246614176, 0.33439233547259173, 0.33267260604681137, 0.32684265223890263, 0.317155933741031, 0.3040506270516752, 0.2881253903099592, 0.2701047727859166, 0.2507968923190652, 0.23104664775656616, 0.21168806350153563, 0.19349934844587474, 0.1771638977883005, 0.1632398157844212, 0.152139663949173, 0.14412113912305205, 0.1392883674906124, 0.13760257207677606, 0.1389001278974804, 0.14291553315178745, 0.14930663801075636, 0.1576795909311901, 0.16761135699324664, 0.17866827325411463, 0.1904198485644899, 0.2024477923427028, 0.21435096942625304, 0.2257475375089981, 0.2362758617708214, 0.2455958788450615, 0.25339239331434815, 0.25938136243767845, 0.26331961714186647, 0.26501776105998104, 0.26435527948233223, 0.26129627317091336, 0.2559037946841849, 0.24835057303768868, 0.23892400305289344],